{"Profile": {"1": {"api_key": "zBifMfs4abdpGRStt6Z6sgbjiv7oM67n"}, "2": {"last_location": "Jodhpur"}, "3": {"last_metric": "f"}}, "Location": {"1": {"name": "Dhaka", "key": "28143", "english_name": "Dhaka", "administrative_area": "C", "country": "Bangladesh"}, "2": {"name": "Kinshasa", "key": "113487", "english_name": "Kinshasa", "administrative_area": "KN", "country": "Democratic Republic of the Congo"}, "3": {"name": "Santiago", "key": "60449", "english_name": "Santiago", "administrative_area": "RM", "country": "Chile"}, "4": {"name": "Beijing", "key": "101924", "english_name": "Beijing", "administrative_area": "BJ", "country": "China"}, "5": {"name": "Bogota", "key": "107487", "english_name": "Bogota", "administrative_area": "DC", "country": "Colombia"}, "6": {"name": "Berlin", "key": "178087", "english_name": "Berlin", "administrative_area": "BE", "country": "Germany"}, "7": {"name": "Cairo", "key": "127164", "english_name": "Cairo", "administrative_area": "C", "country": "Egypt"}, "8": {"name": "Madrid", "key": "308526", "english_name": "Madrid", "administrative_area": "MD", "country": "Spain"}, "9": {"name": "London", "key": "328328", "english_name": "London", "administrative_area": "LND", "country": "United Kingdom"}, "10": {"name": "Athens", "key": "182536", "english_name": "Athens", "administrative_area": "I", "country": "Greece"}, "11": {"name": "Hong Kong", "key": "1123655", "english_name": "Hong Kong", "administrative_area": "ST", "country": "Hong Kong"}, "12": {"name": "Jakarta", "key": "208971", "english_name": "Jakarta", "administrative_area": "JK", "country": "Indonesia"}, "13": {"name": "Baghdad", "key": "207375", "english_name": "Baghdad", "administrative_area": "BG", "country": "Iraq"}, "14": {"name": "Tokyo", "key": "226396", "english_name": "Tokyo", "administrative_area": "13", "country": "Japan"}, "15": {"name": "Pyongyang", "key": "225058", "english_name": "Pyongyang", "administrative_area": "01", "country": "North Korea"}, "16": {"name": "Seoul", "key": "226081", "english_name": "Seoul", "administrative_area": "11", "country": "South Korea"}, "17": {"name": "Mexico City", "key": "242560", "english_name": "Mexico City", "administrative_area": "CMX", "country": "Mexico"}, "18": {"name": "Lima", "key": "264120", "english_name": "Lima", "administrative_area": "LMA", "country": "Peru"}, "19": {"name": "Moscow", "key": "294021", "english_name": "Moscow", "administrative_area": "MOW", "country": "Russia"}, "20": {"name": "Riyadh", "key": "297030", "english_name": "Riyadh", "administrative_area": "01", "country": "Saudi Arabia"}, "21": {"name": "Singapore", "key": "300597", "english_name": "Singapore", "administrative_area": "01", "country": "Singapore"}, "22": {"name": "Bangkok", "key": "318849", "english_name": "Bangkok", "administrative_area": "10", "country": "Thailand"}, "23": {"name": "Hanoi", "key": "353412", "english_name": "Hanoi", "administrative_area": "HN", "country": "Vietnam"}, "24": {"name": "Sydney", "key": "22889", "english_name": "Sydney", "administrative_area": "NSW", "country": "Australia"}, "25": {"name": "Melbourne", "key": "26216", "english_name": "Melbourne", "administrative_area": "VIC", "country": "Australia"}, "26": {"name": "Rio de Janeiro", "key": "45449", "english_name": "Rio de Janeiro", "administrative_area": "RJ", "country": "Brazil"}, "27": {"name": "Shanghai", "key": "106577", "english_name": "Shanghai", "administrative_area": "SH", "country": "China"}, "28": {"name": "Delhi", "key": "202396", "english_name": "Delhi", "administrative_area": "DL", "country": "India"}, "29": {"name": "Bengaluru", "key": "204108", "english_name": "Bengaluru", "administrative_area": "KA", "country": "India"}, "30": {"name": "Mumbai", "key": "204842", "english_name": "Mumbai", "administrative_area": "MH", "country": "India"}, "31": {"name": "Chennai", "key": "206671", "english_name": "Chennai", "administrative_area": "TN", "country": "India"}, "32": {"name": "Kolkata", "key": "206690", "english_name": "Kolkata", "administrative_area": "WB", "country": "India"}, "33": {"name": "Busan", "key": "222888", "english_name": "Busan", "administrative_area": "26", "country": "South Korea"}, "34": {"name": "Yangon", "key": "246562", "english_name": "Yangon", "administrative_area": "06", "country": "Myanmar"}, "35": {"name": "Karachi", "key": "261158", "english_name": "Karachi", "administrative_area": "SD", "country": "Pakistan"}, "36": {"name": "Saint Petersburg", "key": "295212", "english_name": "Saint Petersburg", "administrative_area": "SPE", "country": "Russia"}, "37": {"name": "Istanbul", "key": "318251", "english_name": "Istanbul", "administrative_area": "34", "country": "Turkey"}, "38": {"name": "Ho Chi Minh City", "key": "353981", "english_name": "Ho Chi Minh City", "administrative_area": "SG", "country": "Vietnam"}, "39": {"name": "Johannesburg", "key": "305448", "english_name": "Johannesburg", "administrative_area": "GT", "country": "South Africa"}, "40": {"name": "Lagos", "key": "4607", "english_name": "Lagos", "administrative_area": "LA", "country": "Nigeria"}, "41": {"name": "Los Angeles", "key": "347625", "english_name": "Los Angeles", "administrative_area": "CA", "country": "United States"}, "42": {"name": "New York", "key": "349727", "english_name": "New York", "administrative_area": "NY", "country": "United States"}, "43": {"name": "Kabul", "key": "4361", "english_name": "Kabul", "administrative_area": "KAB", "country": "Afghanistan"}, "44": {"name": "Yerevan", "key": "16890", "english_name": "Yerevan", "administrative_area": "ER", "country": "Armenia"}, "45": {"name": "Luanda", "key": "4651", "english_name": "Luanda", "administrative_area": "LUA", "country": "Angola"}, "46": {"name": "Buenos Aires", "key": "7894", "english_name": "Buenos Aires", "administrative_area": "C", "country": "Argentina"}, "47": {"name": "Vienna", "key": "31868", "english_name": "Vienna", "administrative_area": "9", "country": "Austria"}, "48": {"name": "Sofia", "key": "51097", "english_name": "Sofia", "administrative_area": "22", "country": "Bulgaria"}, "49": {"name": "Bras\u00edlia", "key": "43348", "english_name": "Bras\u00edlia", "administrative_area": "DF", "country": "Brazil"}, "50": {"name": "Minsk", "key": "28580", "english_name": "Minsk", "administrative_area": "HM", "country": "Belarus"}, "51": {"name": "Ottawa", "key": "55487", "english_name": "Ottawa", "administrative_area": "ON", "country": "Canada"}, "52": {"name": "Havana", "key": "122438", "english_name": "Havana", "administrative_area": "03", "country": "Cuba"}, "53": {"name": "Prague", "key": "125594", "english_name": "Prague", "administrative_area": "10", "country": "Czechia"}, "54": {"name": "Santo Domingo", "key": "125887", "english_name": "Santo Domingo", "administrative_area": "32", "country": "Dominican Republic"}, "55": {"name": "Algiers", "key": "2093", "english_name": "Algiers", "administrative_area": "16", "country": "Algeria"}, "56": {"name": "Quito", "key": "129846", "english_name": "Quito", "administrative_area": "P", "country": "Ecuador"}, "57": {"name": "Paris", "key": "623", "english_name": "Paris", "administrative_area": "75", "country": "France"}, "58": {"name": "Tbilisi", "key": "171705", "english_name": "Tbilisi", "administrative_area": "TB", "country": "Georgia"}, "59": {"name": "Port-au-prince", "key": "189891", "english_name": "Port-au-prince", "administrative_area": "OU", "country": "Haiti"}, "60": {"name": "Budapest", "key": "187423", "english_name": "Budapest", "administrative_area": "BU", "country": "Hungary"}, "61": {"name": "Tehran", "key": "210841", "english_name": "Tehran", "administrative_area": "07", "country": "Iran"}, "62": {"name": "Rome", "key": "213490", "english_name": "Rome", "administrative_area": "62", "country": "Italy"}, "63": {"name": "Nairobi", "key": "224758", "english_name": "Nairobi", "administrative_area": "30", "country": "Kenya"}, "64": {"name": "Phnom Penh", "key": "49785", "english_name": "Phnom Penh", "administrative_area": "12", "country": "Cambodia"}, "65": {"name": "Nur-Sultan", "key": "222343", "english_name": "Nur-Sultan", "administrative_area": "AST", "country": "Kazakhstan"}, "66": {"name": "Rabat", "key": "245072", "english_name": "Rabat", "administrative_area": "04", "country": "Morocco"}, "67": {"name": "Ulan Bator", "key": "246421", "english_name": "Ulan Bator", "administrative_area": "1", "country": "Mongolia"}, "68": {"name": "Kuala Lumpur", "key": "233776", "english_name": "Kuala Lumpur", "administrative_area": "14", "country": "Malaysia"}, "69": {"name": "Manila", "key": "264885", "english_name": "Manila", "administrative_area": "MNL", "country": "Philippines"}, "70": {"name": "Warsaw", "key": "274663", "english_name": "Warsaw", "administrative_area": "14", "country": "Poland"}, "71": {"name": "Bucharest", "key": "287430", "english_name": "Bucharest", "administrative_area": "B", "country": "Romania"}, "72": {"name": "Belgrade", "key": "298198", "english_name": "Belgrade", "administrative_area": "00", "country": "Serbia"}, "73": {"name": "Khartoum", "key": "308406", "english_name": "Khartoum", "administrative_area": "KH", "country": "Sudan"}, "74": {"name": "Dakar", "key": "297442", "english_name": "Dakar", "administrative_area": "DK", "country": "Senegal"}, "75": {"name": "Mogadishu", "key": "297120", "english_name": "Mogadishu", "administrative_area": "BN", "country": "Somalia"}, "76": {"name": "Taipei City", "key": "315078", "english_name": "Taipei City", "administrative_area": "TPE", "country": "Taiwan"}, "77": {"name": "Kyiv", "key": "324505", "english_name": "Kyiv", "administrative_area": "30", "country": "Ukraine"}, "78": {"name": "Montevideo", "key": "349269", "english_name": "Montevideo", "administrative_area": "MO", "country": "Uruguay"}, "79": {"name": "Tashkent", "key": "351199", "english_name": "Tashkent", "administrative_area": "TK", "country": "Uzbekistan"}, "80": {"name": "Caracas", "key": "353020", "english_name": "Caracas", "administrative_area": "A", "country": "Venezuela"}, "81": {"name": "Sana'a", "key": "355809", "english_name": "Sana'a", "administrative_area": "SA", "country": "Yemen"}, "82": {"name": "Cape Town", "key": "306633", "english_name": "Cape Town", "administrative_area": "WC", "country": "South Africa"}, "83": {"name": "Harare", "key": "353558", "english_name": "Harare", "administrative_area": "HA", "country": "Zimbabwe"}, "84": {"name": "Perth", "key": "26797", "english_name": "Perth", "administrative_area": "WA", "country": "Australia"}, "85": {"name": "Manaus", "key": "42471", "english_name": "Manaus", "administrative_area": "AM", "country": "Brazil"}, "86": {"name": "Recife", "key": "45090", "english_name": "Recife", "administrative_area": "PE", "country": "Brazil"}, "87": {"name": "S\u00e3o Paulo", "key": "45881", "english_name": "S\u00e3o Paulo", "administrative_area": "SP", "country": "Brazil"}, "88": {"name": "Toronto", "key": "55488", "english_name": "Toronto", "administrative_area": "ON", "country": "Canada"}, "89": {"name": "Abidjan", "key": "113725", "english_name": "Abidjan", "administrative_area": "AB", "country": "Cote D'Ivoire"}, "90": {"name": "Barcelona", "key": "307297", "english_name": "Barcelona", "administrative_area": "CT", "country": "Spain"}, "91": {"name": "Osaka-shi", "key": "225007", "english_name": "Osaka-shi", "administrative_area": "27", "country": "Japan"}, "92": {"name": "Auckland", "key": "252066", "english_name": "Auckland", "administrative_area": "AUK", "country": "New Zealand"}, "93": {"name": "Novosibirsk", "key": "294459", "english_name": "Novosibirsk", "administrative_area": "NVS", "country": "Russia"}, "94": {"name": "Aleppo", "key": "313468", "english_name": "Aleppo", "administrative_area": "HL", "country": "Syria"}, "95": {"name": "Dar es Salaam", "key": "317663", "english_name": "Dar es Salaam", "administrative_area": "02", "country": "Tanzania"}, "96": {"name": "Montreal", "key": "56186", "english_name": "Montreal", "administrative_area": "QC", "country": "Canada"}, "97": {"name": "Jeddah", "key": "299429", "english_name": "Jeddah", "administrative_area": "02", "country": "Saudi Arabia"}, "98": {"name": "Chicago", "key": "348308", "english_name": "Chicago", "administrative_area": "IL", "country": "United States"}, "99": {"name": "Dallas", "key": "351194", "english_name": "Dallas", "administrative_area": "TX", "country": "United States"}, "100": {"name": "Abu Dhabi", "key": "321626", "english_name": "Abu Dhabi", "administrative_area": "AZ", "country": "United Arab Emirates"}, "101": {"name": "Tirana", "key": "6522", "english_name": "Tirana", "administrative_area": "11", "country": "Albania"}, "102": {"name": "La Paz", "key": "33655", "english_name": "La Paz", "administrative_area": "L", "country": "Bolivia"}, "103": {"name": "San Jose", "key": "115295", "english_name": "San Jose", "administrative_area": "SJ", "country": "Costa Rica"}, "104": {"name": "Copenhagen", "key": "123094", "english_name": "Copenhagen", "administrative_area": "84", "country": "Denmark"}, "105": {"name": "Tallinn", "key": "127964", "english_name": "Tallinn", "administrative_area": "37", "country": "Estonia"}, "106": {"name": "Helsinki", "key": "133328", "english_name": "Helsinki", "administrative_area": "18", "country": "Finland"}, "107": {"name": "Dublin", "key": "207931", "english_name": "Dublin", "administrative_area": "D", "country": "Ireland"}, "108": {"name": "Jerusalem", "key": "213225", "english_name": "Jerusalem", "administrative_area": "JM", "country": "Israel"}, "109": {"name": "Kingston", "key": "214971", "english_name": "Kingston", "administrative_area": "01", "country": "Jamaica"}, "110": {"name": "Colombo", "key": "311399", "english_name": "Colombo", "administrative_area": "1", "country": "Sri Lanka"}, "111": {"name": "Vilnius", "key": "231459", "english_name": "Vilnius", "administrative_area": "VL", "country": "Lithuania"}, "112": {"name": "Riga", "key": "225780", "english_name": "Riga", "administrative_area": "RIX", "country": "Latvia"}, "113": {"name": "Tripoli", "key": "230555", "english_name": "Tripoli", "administrative_area": "TB", "country": "Libya"}, "114": {"name": "Amsterdam", "key": "249758", "english_name": "Amsterdam", "administrative_area": "NH", "country": "Netherlands"}, "115": {"name": "Oslo", "key": "254946", "english_name": "Oslo", "administrative_area": "03", "country": "Norway"}, "116": {"name": "Kathmandu", "key": "241809", "english_name": "Kathmandu", "administrative_area": "BA", "country": "Nepal"}, "117": {"name": "Panama City", "key": "259549", "english_name": "Panama City", "administrative_area": "8", "country": "Panama"}, "118": {"name": "Port Moresby", "key": "258848", "english_name": "Port Moresby", "administrative_area": "NCD", "country": "Papua New Guinea"}, "119": {"name": "Islamabad", "key": "258278", "english_name": "Islamabad", "administrative_area": "IS", "country": "Pakistan"}, "120": {"name": "San Juan", "key": "275478", "english_name": "San Juan", "administrative_area": "SJ", "country": "Puerto Rico"}, "121": {"name": "Lisbon", "key": "274087", "english_name": "Lisbon", "administrative_area": "11", "country": "Portugal"}, "122": {"name": "Asuncion", "key": "257012", "english_name": "Asuncion", "administrative_area": "ASU", "country": "Paraguay"}, "123": {"name": "Stockholm", "key": "314929", "english_name": "Stockholm", "administrative_area": "AB", "country": "Sweden"}, "124": {"name": "Bratislava", "key": "297345", "english_name": "Bratislava", "administrative_area": "BL", "country": "Slovakia"}, "125": {"name": "San Salvador", "key": "130669", "english_name": "San Salvador", "administrative_area": "SS", "country": "El Salvador"}, "126": {"name": "Dushanbe", "key": "313854", "english_name": "Dushanbe", "administrative_area": "DU", "country": "Tajikistan"}, "127": {"name": "Ashgabat", "key": "317036", "english_name": "Ashgabat", "administrative_area": "S", "country": "Turkmenistan"}, "128": {"name": "Tunis", "key": "321398", "english_name": "Tunis", "administrative_area": "11", "country": "Tunisia"}, "129": {"name": "Tel Aviv", "key": "215854", "english_name": "Tel Aviv", "administrative_area": "TA", "country": "Israel"}, "130": {"name": "Hyderabad", "key": "202190", "english_name": "Hyderabad", "administrative_area": "TG", "country": "India"}, "131": {"name": "Denver", "key": "347810", "english_name": "Denver", "administrative_area": "CO", "country": "United States"}, "132": {"name": "Honolulu", "key": "348211", "english_name": "Honolulu", "administrative_area": "HI", "country": "United States"}, "133": {"name": "Vancouver", "key": "53286", "english_name": "Vancouver", "administrative_area": "BC", "country": "Canada"}, "134": {"name": "Anchorage", "key": "346835", "english_name": "Anchorage", "administrative_area": "AK", "country": "United States"}, "135": {"name": "San Francisco", "key": "347629", "english_name": "San Francisco", "administrative_area": "CA", "country": "United States"}, "136": {"name": "Miami", "key": "347936", "english_name": "Miami", "administrative_area": "FL", "country": "United States"}, "137": {"name": "Seattle", "key": "351409", "english_name": "Seattle", "administrative_area": "WA", "country": "United States"}, "138": {"name": "St. John's", "key": "355989", "english_name": "St. John's", "administrative_area": "04", "country": "Antigua and Barbuda"}, "139": {"name": "Brussels", "key": "27581", "english_name": "Brussels", "administrative_area": "BRU", "country": "Belgium"}, "140": {"name": "Bujumbura", "key": "47205", "english_name": "Bujumbura", "administrative_area": "BM", "country": "Burundi"}, "141": {"name": "Reykjavik", "key": "190390", "english_name": "Reykjavik", "administrative_area": "1", "country": "Iceland"}, "142": {"name": "Vientiane", "key": "361929", "english_name": "Vientiane", "administrative_area": "VT", "country": "Laos"}, "143": {"name": "Male", "key": "5003", "english_name": "Male", "administrative_area": "MLE", "country": "Maldives"}, "144": {"name": "Wellington", "key": "250938", "english_name": "Wellington", "administrative_area": "WGN", "country": "New Zealand"}, "145": {"name": "Paramaribo", "key": "309398", "english_name": "Paramaribo", "administrative_area": "PM", "country": "Suriname"}, "146": {"name": "Dili", "key": "3484", "english_name": "Dili", "administrative_area": "DI", "country": "Timor-Leste"}, "147": {"name": "Banda Aceh", "key": "205110", "english_name": "Banda Aceh", "administrative_area": "AC", "country": "Indonesia"}, "148": {"name": "Nicosia", "key": "124697", "english_name": "Nicosia", "administrative_area": "01", "country": "Cyprus"}, "149": {"name": "Gibraltar", "key": "178535", "english_name": "Gibraltar", "administrative_area": "00", "country": "Gibraltar"}, "150": {"name": "Pago Pago", "key": "2094", "english_name": "Pago Pago", "administrative_area": "ET", "country": "American Samoa"}, "151": {"name": "Patna", "key": "202349", "english_name": "Patna", "administrative_area": "BR", "country": "India"}, "152": {"name": "Palampur", "key": "198333", "english_name": "Palampur", "administrative_area": "HP", "country": "India"}, "153": {"name": "Palampur", "key": "198333", "english_name": "Palampur", "administrative_area": "HP", "country": "India"}, "154": {"name": "Palampur", "key": "198333", "english_name": "Palampur", "administrative_area": "HP", "country": "India"}, "155": {"name": "Palampur", "key": "198333", "english_name": "Palampur", "administrative_area": "HP", "country": "India"}, "156": {"name": "Patna", "key": "202349", "english_name": "Patna", "administrative_area": "BR", "country": "India"}, "157": {"name": "jodhpur", "key": "205618", "english_name": "Jodhpur", "administrative_area": "RJ", "country": "India"}}}